{"cameraMode":{"drawMode":0,"name":"Shaded","section":"Shading Mode"},"sceneLighting":true,"audioPlay":false,"sceneViewState":{"m_AlwaysRefresh":false,"showFog":true,"showSkybox":true,"showFlares":true,"showImageEffects":true,"showParticleSystems":true,"showVisualEffectGraphs":true,"m_FxEnabled":true},"in2DMode":false,"pivot":{"x":-0.041438885033130649,"y":0.6383056640625,"z":-0.006574749946594238},"rotation":{"x":-0.6884235143661499,"y":0.0004337375285103917,"z":-0.00041045836405828595,"w":-0.7253137230873108},"size":14.28868293762207,"orthographic":true}